depth [m];GICC05modelext ice age [yr];GICC05modelext gas age [yr];temperature [°C];temperature error [°C];accumulation, tuned [m ice/yr];NGRIP d18O (permil);Age from d18O [yr];Counting Err Age from d18O [yr];d15N [permil];Err d15N [permil]
1951.363157;32490.10986;31498.51481;-42.39066133;3;0.069663635;-39.57997373;32490.89388;1131.544694;0.403442012;0.02
1951.502443;32494.80985;31508.58099;-42.87402437;3;0.067944217;-39.85191264;32495.31565;1131.765783;0.402094858;0.02
1951.636064;32499.50983;31518.75103;-43.46110241;3;0.066025351;-40.11279247;32499.5576;1131.97788;0.400802489;0.02
1951.769686;32504.72466;31528.06768;-44.17155261;3;0.063837114;-40.71041752;32505.09301;1132;0.39951012;0.02
1951.903307;32509.99944;31537.26484;-44.88200281;3;0.061648876;-41.34725133;32510.77903;1132;0.398217751;0.02
1952.021478;32515.27422;31546.48944;-45.52989427;3;0.059663087;-41.91045034;32515.80759;1132;0.397074814;0.02
1952.149773;32521.80443;31555.72564;-46.34913899;3;0.057208096;-42.50991863;32521.80443;1132.090221;0.395833965;0.02
1952.278068;32529.57986;31564.9349;-47.16838371;3;0.054753105;-43.06974961;32529.57986;1132.478993;0.394593116;0.02
1952.406362;32537.35529;31574.12094;-47.96698469;3;0.052290992;-43.6295806;32537.35529;1132.867764;0.393352267;0.02
1952.528298;32545.49266;31582.63463;-48.67695248;3;0.049933987;-43.74471343;32546.02293;1133.301146;0.392172919;0.02
1952.647448;32555.00573;31589.95303;-49.37069764;3;0.04763084;-43.63014651;32555.18828;1133.759414;0.39102052;0.02
1952.766597;32563.90326;31597.27144;-49.93379916;3;0.045355833;-43.68124283;32563.90326;1134.195163;0.38986812;0.02
1952.900641;32573.14762;31605.27572;-50.47910392;3;0.042815443;-43.94470725;32573.14762;1134.657381;0.38857167;0.02
1953.034684;32582.32743;31613.68774;-50.96087303;3;0.040528156;-44.09247031;32582.56917;1135.128459;0.38727522;0.02
1953.168686;32592.3217;31622.15669;-51.31546167;3;0.038747623;-43.90883787;32592.49525;1135.624763;0.38597917;0.02
1953.300559;32601.97155;31630.79676;-51.61257006;3;0.03715629;-43.76014223;32601.97155;1136.295733;0.384703709;0.02
1953.44562;32611.3303;31639.43684;-51.80631529;3;0.035818839;-43.71334852;32611.3303;1137.699545;0.383300702;0.02
1953.59068;32620.60803;31648.2301;-51.96581893;3;0.034599301;-43.65837752;32620.62824;1139.031412;0.381897695;0.02
1953.73116;32628.86645;31657.03404;-52.08049354;3;0.033555299;-43.50550225;32628.89177;1139.444589;0.380538991;0.02
1953.883968;32637.87564;31666.15955;-52.19105666;3;0.032886856;-43.33921132;32637.88047;1139.894023;0.379061052;0.02
1954.036776;32646.87111;31675.44844;-52.29453235;3;0.032452;-43.81862219;32646.86917;1140.343458;0.377583114;0.02
1954.189549;32655.86235;31684.61232;-52.38670046;3;0.032297509;-44.4971141;32655.85582;1140.792791;0.376105513;0.02
1954.355399;32665.96244;31693.6561;-52.48191393;3;0.032163185;-44.35685489;32665.96244;1141.596244;0.374501432;0.02
1954.508491;32675.53071;31702.37345;-52.56264899;3;0.032088509;-43.62966599;32675.53071;1142.553071;0.373020741;0.02
1954.661584;32686.71623;31710.32382;-52.63006536;3;0.032013406;-44.13303229;32686.79865;1143.679865;0.371540051;0.02
1954.824376;32700.31259;31718.27419;-52.69165353;3;0.031926139;-45.75187003;32700.31259;1145.015629;0.369965544;0.02
1954.986065;32711.8618;31727.05514;-52.72320395;3;0.031799513;-45.08201535;32711.8618;1145.59309;0.368920295;0.02
1955.135317;32722.48222;31736.06637;-52.71439648;3;0.031637351;-44.60621607;32722.52262;1146.378393;0.368828459;0.02
1955.294789;32733.84645;31745.1706;-52.67603699;3;0.03142953;-44.58912977;32733.91349;1148.087023;0.368730334;0.02
1955.452155;32744.97621;31754.34687;-52.58863083;3;0.03113276;-44.20927257;32744.97621;1149.497621;0.368633504;0.02
1955.609521;32755.82905;31763.29154;-52.51949361;3;0.030798468;-43.40073604;32755.82905;1150.582905;0.368536675;0.02
1955.766887;32766.45589;31771.8646;-52.47167015;3;0.030420402;-43.20025111;32766.68189;1152.336377;0.368439845;0.02
1955.916949;32776.94166;31780.44872;-52.543812;3;0.030039016;-43.37101056;32777.03094;1154.406189;0.368347511;0.02
1956.064554;32787.21061;31789.2386;-52.69052312;3;0.029694193;-44.00045381;32787.21061;1155.721061;0.368256688;0.02
1956.212159;32797.39027;31798.02848;-52.94217427;3;0.029400763;-44.81991672;32797.39027;1156.739027;0.368165864;0.02
1956.372134;32808.80911;31806.89861;-53.32374428;3;0.029168049;-45.12596236;32808.72385;1157.872385;0.36806743;0.02
1956.535226;32820.36041;31815.79194;-53.75463255;3;0.029042884;-45.24261161;32820.36041;1159.036041;0.367967077;0.02
1956.686669;32830.80473;31824.65504;-54.18387391;3;0.029047616;-45.02850312;32830.80473;1160.080473;0.367873893;0.02
1956.849761;32842.09895;31833.49099;-54.59622921;3;0.029182163;-44.83692132;32842.05245;1161.205245;0.36777354;0.02
1957.015944;32853.60152;31842.2813;-54.90675012;3;0.029394581;-44.81972994;32853.51337;1162.351337;0.367671285;0.02
1957.172951;32864.06137;31850.94394;-55.10365354;3;0.02965473;-45.00697657;32864.06137;1163.203069;0.367574677;0.02
1957.342036;32874.97007;31859.60659;-54.99463407;3;0.030024393;-45.53604855;32874.97007;1163.748504;0.367470637;0.02
1957.502321;32885.54571;31868.92082;-54.70620435;3;0.030409619;-45.35467715;32885.48804;1164.548804;0.367372012;0.02
1957.668215;32896.56139;31878.26606;-54.24961018;3;0.03083805;-44.49755593;32896.54767;1165.654767;0.367269935;0.02
1957.846871;32908.47757;31887.0795;-53.49346828;3;0.031298279;-44.16233572;32908.45803;1166.845803;0.367160006;0.02
1958.013221;32919.56274;31895.7718;-52.76710613;3;0.031764512;-44.07361569;32919.54804;1167.954804;0.367057648;0.02
1958.185088;32932.6991;31904.90616;-51.99700179;3;0.03227943;-43.93030993;32932.6991;1168.634955;0.366951896;0.02
1958.356956;32945.33492;31914.45922;-51.39162641;3;0.032787112;-43.37764981;32945.30731;1169;0.366846144;0.02
1958.528824;32957.24952;31923.70626;-50.92411491;3;0.03330278;-42.3227379;32957.16025;1169;0.366740391;0.02
1958.712736;32970.19545;31932.53067;-50.59595207;3;0.033864556;-42.40135228;32970.19545;1170.019545;0.366627228;0.02
1958.912588;32984.04924;31941.40669;-50.56820126;3;0.034332298;-43.04505406;32984.03794;1171;0.366504256;0.02
1959.098165;32996.05543;31950.56708;-50.67125692;3;0.034698864;-44.0088549;32996.01062;1171;0.366390069;0.02
1959.285564;33008.3709;31959.72747;-50.89942199;3;0.035001202;-44.09142929;33008.3709;1171.418545;0.36627476;0.02
1959.472566;33020.82322;31968.66678;-51.20977042;3;0.035109964;-43.76293196;33020.8377;1172;0.366159695;0.02
1959.672142;33034.01692;31977.59932;-51.52805196;3;0.035132577;-43.80949979;33034.1428;1172;0.366036893;0.02
1959.865884;33048.47071;31986.32681;-51.81020704;3;0.03505365;-43.33869882;33048.47071;1172.423536;0.366915162;0.02
1960.059626;33064.16044;31994.97893;-51.98577191;3;0.034978267;-42.91192585;33064.13548;1173;0.369337708;0.02
1960.268964;33081.26424;32003.61339;-52.10552291;3;0.034897648;-43.87097393;33081.26424;1173.063212;0.371955263;0.02
1960.494151;33096.27673;32012.22344;-52.1538146;3;0.034843393;-44.23877995;33096.27673;1173.813837;0.374771002;0.02
1960.705264;33111.5312;32020.95019;-52.13502213;3;0.03485828;-44.22649057;33111.50105;1174.575052;0.377410756;0.02
1960.94706;33130.16483;32030.76593;-51.99671777;3;0.034933647;-44.20082416;33130.16483;1175.508242;0.380434172;0.02
1961.175536;33147.55722;32040.60298;-51.75725852;3;0.035008074;-43.88816142;33147.5383;1176.376915;0.38329103;0.02
1961.434064;33165.60425;32050.77834;-51.42534887;3;0.035092506;-43.17231084;33165.60425;1177.560425;0.386523652;0.02
1961.679126;33182.22854;32060.76113;-51.14459816;3;0.035095948;-42.85095586;33182.24049;1179.224049;0.38958791;0.02
1961.95113;33202.57061;32068.88193;-51.00664289;3;0.034984086;-42.75655344;33202.57061;1181.128531;0.392989036;0.02
1962.207515;33218.59469;32077.00273;-51.11847287;3;0.03481361;-43.10908328;33218.59469;1181.929735;0.404600506;0.02
1962.490809;33240.05989;32086.17725;-51.47484816;3;0.034686335;-44.69496887;33240.05989;1184.002995;0.418583893;0.02
1962.77022;33260.76245;32095.96821;-51.95666433;3;0.034915648;-43.03589712;33260.75701;1185.075701;0.432375642;0.02
1963.051823;33281.50502;32106.28216;-52.45987151;3;0.035220465;-43.45279269;33281.50502;1187.075251;0.446275601;0.02
1963.348806;33302.06282;32115.41037;-52.83884706;3;0.036752039;-43.83647548;33301.98663;1188.198663;0.418932665;0.02
1963.630208;33321.18869;32125.0543;-52.85339772;3;0.038339317;-45.73547083;33321.18869;1190;0.423128076;0.02
1963.943961;33339.64477;32135.21975;-52.33746804;3;0.040717843;-43.33618012;33339.64477;1190;0.427805819;0.02
1964.240383;33356.67913;32145.26481;-51.42517883;3;0.043640161;-43.3397799;33356.5933;1190.829665;0.421887563;0.02
1964.529357;33374.47735;32155.20302;-50.2359475;3;0.04702368;-42.31072803;33374.33479;1191.716739;0.419224137;0.02
1964.827302;33387.97315;32165.02352;-48.99463354;3;0.050946274;-41.60100705;33387.97315;1192;0.432935993;0.02
1965.132918;33399.7276;32174.7342;-47.87893099;3;0.054745914;-41.16021497;33399.7276;1192;0.447000862;0.02
1965.448661;33412.37794;32184.88713;-46.89708279;3;0.058709084;-41.40310235;33412.34646;1192.617323;0.45808911;0.02
1965.746962;33424.16448;32195.56398;-46.11354264;3;0.062595117;-41.44511465;33423.96156;1193.198078;0.464815815;0.02
1966.068283;33435.91467;32205.96495;-45.41817987;3;0.065807544;-41.09999265;33435.86232;1193.793116;0.472061615;0.02
1966.371815;33447.02357;32216.16982;-44.81838021;3;0.06874907;-40.54754527;33446.97508;1194.348754;0.478906281;0.02
1966.682831;33458.29114;32227.46862;-44.29340506;3;0.07173068;-39.84634556;33458.28475;1194.914237;0.470631914;0.02
1966.973771;33469.06195;32240.57919;-43.91823327;3;0.073832322;-39.89348544;33469.02856;1195;0.466529405;0.02
1967.267845;33479.92043;32251.74271;-43.60388362;3;0.075571894;-40.07864315;33479.92019;1195;0.462382709;0.02
1967.539656;33490.42646;32262.73014;-43.42686932;3;0.07679942;-39.83627269;33490.37137;1195.518569;0.458549944;0.02
1967.842005;33501.79796;32273.21724;-43.26089365;3;0.078061257;-39.68316026;33501.7629;1196;0.45616364;0.02
1968.122345;33511.30069;32283.07012;-43.18045512;3;0.078881071;-40.07753678;33511.26595;1196;0.467072302;0.02
1968.403795;33520.8044;32291.7617;-43.1077146;3;0.079665916;-40.43516027;33520.80662;1196.040331;0.478024155;0.02
1968.683609;33530.31878;32300.46724;-43.03489237;3;0.080185693;-40.37824911;33530.29182;1196.514591;0.47670964;0.02
1968.965065;33539.83317;32309.42651;-42.96158581;3;0.080679218;-40.3210038;33539.8327;1196.991635;0.471756227;0.02
1969.217493;33548.65551;32318.38577;-42.89113551;3;0.081010379;-39.71212357;33548.68395;1197.868395;0.472584766;0.02
1969.496329;33558.46384;32327.95729;-42.81266268;3;0.081360736;-39.02726174;33558.46769;1198.846769;0.473499987;0.02
1969.752707;33567.57246;32337.66336;-42.76930541;3;0.08167847;-39.3226234;33567.59667;1199.379833;0.481392427;0.02
1970.009659;33576.74032;32347.98803;-42.73401355;3;0.081995668;-39.80899714;33576.77353;1199.838677;0.492943272;0.02
1970.296094;33586.50653;32358.50885;-42.69261294;3;0.08235144;-39.97346355;33586.53645;1200.326823;0.487633489;0.02
1970.526792;33594.16127;32369.25299;-42.65818114;3;0.082639133;-39.9657736;33594.2264;1200.71132;0.483356919;0.02
1970.780404;33603.04513;32380.03106;-42.6094671;3;0.08295855;-39.92055633;33603.03413;1201.151706;0.478959787;0.02
1971.030115;33612.50233;32389.87609;-42.53961083;3;0.083279399;-39.7980568;33612.45717;1201.622858;0.498192445;0.02
1971.255061;33620.96276;32399.72111;-42.4766823;3;0.08356843;-39.71012099;33620.9639;1202.048195;0.506227201;0.02
1971.486899;33629.86907;32409.472;-42.39147542;3;0.083859581;-39.80374781;33629.88074;1202.494037;0.514508106;0.02
1971.718737;33638.77538;32419.22015;-42.30626854;3;0.084150732;-39.89737463;33638.79758;1202.939879;0.522789011;0.02
1971.92439;33646.12356;32429.6365;-42.23191733;3;0.084318941;-39.95895157;33646.11895;1203.305947;0.515521789;0.02
1972.160851;33654.42669;32440.105;-42.14829647;3;0.084375743;-40.02532657;33654.41582;1203.720791;0.476959141;0.02
1972.368674;33661.49771;32450.01664;-42.07480304;3;0.084425665;-39.95917352;33661.49766;1204.149766;0.476849436;0.02
1972.547823;33667.01021;32459.92828;-42.05343343;3;0.084250051;-39.55126498;33667.00993;1204.700993;0.476754867;0.02
1972.75683;33673.44145;32469.44527;-42.05299274;3;0.083917621;-39.07537169;33673.44092;1205.344092;0.476644536;0.02
1972.936169;33678.95395;32478.95939;-42.05261461;3;0.08363238;-38.66702991;33678.95906;1205.895906;0.476549866;0.02
1973.084737;33683.62969;32486.97654;-42.10020706;3;0.083235128;-38.67697808;33683.7012;1206.555179;0.469211527;0.02
1973.263018;33689.26959;32494.80985;-42.24354826;3;0.082468711;-38.81212681;33689.4522;1207.417831;0.461987344;0.02
1973.411151;33693.9695;32502.9664;-42.36264942;3;0.081831901;-38.92442091;33694.23068;1208.134602;0.461064535;0.02
1973.550538;33698.66942;32511.7577;-42.47471926;3;0.081232686;-39.03008556;33698.72704;1208.809057;0.460196205;0.02
1973.689926;33703.36992;32520.69365;-42.67184733;3;0.080374709;-39.19498747;33703.50617;1209.175308;0.459327875;0.02
1973.801436;33707.13051;32530.69063;-42.87491417;3;0.079550321;-39.34562368;33707.4188;1209.37094;0.458633211;0.02
1973.940823;33711.83124;32541.92525;-43.12874773;3;0.078519836;-39.53391894;33712.30958;1209.615479;0.45776488;0.02
1974.042623;33715.59183;32553.8166;-43.31413255;3;0.077767231;-39.67143852;33715.88152;1209.794076;0.457130704;0.02
1974.142757;33719.35241;32564.93041;-43.49648187;3;0.07702695;-39.80670634;33719.39497;1209.969748;0.449196399;0.02
1974.24289;33724.19272;32575.20193;-43.77575102;3;0.075998849;-39.97665147;33724.25077;1210.425077;0.439401041;0.02
1974.343023;33729.25763;32585.32571;-44.05502017;3;0.074970749;-40.15381042;33729.38581;1210.938581;0.435021573;0.02
1974.443157;33734.32254;32595.31999;-44.33428932;3;0.073942648;-40.33096937;33734.52085;1211.452085;0.43210728;0.02
1974.538924;33739.38746;32604.52394;-44.60138141;3;0.072959376;-40.50040361;33739.43199;1211.943199;0.42932006;0.02
1974.630509;33744.47273;32613.03189;-44.85681053;3;0.07201904;-40.81072744;33744.47273;1212.670909;0.426654548;0.02
1974.744991;33750.83282;32621.35879;-45.21262612;3;0.070677124;-41.22413358;33750.83282;1213.624924;0.423322658;0.02
1974.836576;33755.9209;32628.86645;-45.4972786;3;0.069603591;-41.55485849;33755.9209;1214.388135;0.420657145;0.02
1974.928162;33760.87499;32636.37411;-45.78193108;3;0.068530058;-41.82764697;33760.95587;1215.095587;0.417991633;0.02
1975.019747;33765.28742;32643.87403;-46.06658356;3;0.067456525;-41.86620923;33765.77615;1215.577615;0.415326121;0.02
1975.103832;33769.69985;32651.36673;-46.3248281;3;0.06645023;-41.90161357;33770.2017;1216.02017;0.412878892;0.02
1975.203522;33775.21538;32658.85943;-46.61918138;3;0.06517833;-41.94358801;33775.4485;1216.54485;0.409977521;0.02
1975.283273;33779.62781;32666.75979;-46.85466401;3;0.06416081;-41.97716756;33779.64595;1216.964595;0.407656425;0.02
1975.363024;33784.39584;32674.73335;-47.09014664;3;0.06314329;-41.99770289;33784.42572;1217.663858;0.405335329;0.02
1975.462714;33790.39683;32683.56547;-47.38449992;3;0.06187139;-42.02186999;33790.4675;1218.570125;0.402323883;0.02
1975.542465;33795.19762;32694.06801;-47.58782401;3;0.060929086;-42.04120367;33795.30092;1219.295138;0.396193322;0.02
1975.638136;33801.03634;32703.86619;-47.81887485;3;0.059828764;-42.07709962;33801.03634;1220.051817;0.388839025;0.02
1975.728936;33806.22491;32712.75021;-48.03816213;3;0.058784462;-42.16271095;33806.22491;1220.311245;0.381859159;0.02
1975.819736;33811.41347;32721.60805;-48.2574494;3;0.057740161;-42.24832229;33811.41347;1220.570674;0.374879294;0.02
1975.910536;33816.60204;32730.34977;-48.45242286;3;0.056807357;-42.33393362;33816.60204;1220.830102;0.367899428;0.02
1976.001336;33821.66094;32739.09149;-48.63118711;3;0.055948886;-42.39084691;33821.69381;1221.084691;0.360919562;0.02
1976.092135;33826.47378;32746.64587;-48.80995136;3;0.055090415;-42.39330096;33826.60192;1221.330096;0.353939697;0.02
1976.181514;33831.28662;32754.99421;-48.98591782;3;0.054245379;-42.3957166;33831.4332;1221.57166;0.347069071;0.02
1976.269054;33836.09946;32763.2295;-49.14057412;3;0.05353536;-42.39808254;33836.16508;1221.808254;0.340339824;0.02
1976.356594;33841.07055;32771.29548;-49.28343757;3;0.05290376;-42.38715336;33841.07055;1222.107055;0.341505582;0.02
1976.461641;33847.84782;32779.36146;-49.45487372;3;0.05214584;-42.3058262;33847.84782;1222.784782;0.343194152;0.02
1976.549181;33853.49554;32787.21061;-49.59773718;3;0.05151424;-42.23805357;33853.49554;1223.349554;0.344601294;0.02
1976.654228;33860.23065;32795.04112;-49.73520465;3;0.050908017;-42.18367895;33860.24162;1224;0.346289864;0.02
1976.739778;33865.0057;32803.02844;-49.84162337;3;0.050439026;-42.66275429;33865.13015;1224;0.34766501;0.02
1976.839221;33870.73576;32811.28654;-49.9653264;3;0.049893862;-43.21964002;33870.81265;1224;0.349263505;0.02
1976.922091;33875.51082;32819.54465;-50.06221461;3;0.049456202;-43.68371146;33875.54808;1224;0.350595583;0.02
1977.021535;33881.28225;32827.59109;-50.14873174;3;0.049010891;-43.93988732;33881.30516;1224.130516;0.352194078;0.02
1977.104405;33886.21651;32835.62518;-50.22082936;3;0.048639798;-43.24679361;33886.32758;1224.632758;0.353526157;0.02
1977.203849;33892.13761;32843.74218;-50.30734649;3;0.048194487;-42.41508116;33892.35448;1225.235448;0.355124651;0.02
1977.299544;33898.05871;32851.9583;-50.38588651;3;0.047819734;-41.61472532;33898.15416;1225.815416;0.35666288;0.02
1977.392438;33903.90239;32860.16541;-50.45970241;3;0.047483609;-41.75609215;33903.90239;1226.390239;0.358156097;0.02
1977.485333;33909.70829;32867.95734;-50.5335183;3;0.047147483;-42.34539138;33909.70829;1226.970829;0.358663197;0.02
1977.578227;33915.51419;32875.74927;-50.6086926;3;0.04678692;-42.93469061;33915.51419;1227.551419;0.358421766;0.02
1977.671122;33921.23825;32883.85099;-50.68658369;3;0.04637748;-43.36266623;33921.24244;1228.124244;0.358180336;0.02
1977.764016;33926.68419;32892.32459;-50.76447478;3;0.045968039;-43.24244987;33926.70682;1228.670682;0.357938905;0.02
1977.872188;33933.03778;32900.80322;-50.85849155;3;0.045540822;-43.10246307;33933.06986;1229.306986;0.35765777;0.02
1977.979701;33939.39138;32909.33027;-50.97185204;3;0.045413856;-42.96332796;33939.39418;1229.939418;0.357378345;0.02
1978.087215;33946.70446;32917.85733;-51.08521252;3;0.04528689;-42.90642104;33946.70446;1230.335223;0.35709892;0.02
1978.194728;33954.11918;32927.61425;-51.19093722;3;0.045188808;-42.85822533;33954.11918;1230.705959;0.356819494;0.02
1978.302242;33961.50477;32937.78394;-51.27757247;3;0.045162938;-42.97124281;33961.48277;1231.074139;0.356540069;0.02
1978.426673;33969.81781;32947.16793;-51.37784039;3;0.045132996;-43.81737703;33969.77821;1231.48891;0.356216675;0.02
1978.551854;33978.13085;32956.33301;-51.42133855;3;0.04504385;-44.66860484;33978.12358;1231.906179;0.355891334;0.02
1978.661387;33985.07407;32966.11685;-51.42927841;3;0.04493486;-44.33861682;33985.08667;1232.254333;0.35560666;0.02
1978.786567;33992.87848;32976.31336;-51.43835255;3;0.0448103;-43.53667886;33992.91045;1232.645523;0.355281319;0.02
1978.9111;34000.71614;32985.89635;-51.32861822;3;0.044960133;-42.83076797;34000.71614;1233.071614;0.35495766;0.02
1979.037959;34008.90056;32995.13188;-51.21683461;3;0.045112764;-43.06811625;34008.90056;1233.890056;0.354627958;0.02
1979.14896;34016.06193;33004.53496;-51.0835671;3;0.045162839;-43.27579599;34016.06193;1234.606193;0.354339468;0.02
1979.275818;34024.09387;33014.12481;-50.87723189;3;0.045092863;-43.15963531;34024.11366;1235.411366;0.354009766;0.02
1979.402677;34031.98439;33023.65044;-50.67089667;3;0.045022887;-42.71563035;34032.04232;1236.204232;0.353680063;0.02
1979.528021;34039.87492;33033.07452;-50.45372165;3;0.044951966;-42.27692615;34039.87632;1236.987632;0.353354297;0.02
1979.637251;34046.50004;33042.93523;-50.2627881;3;0.044889937;-42.4032508;34046.50004;1237.325002;0.353070412;0.02
1979.762084;34054.06572;33054.00619;-50.06130877;3;0.044832352;-42.55834728;34054.06572;1237.703286;0.352745972;0.02
1979.886918;34061.98602;33065.32063;-49.91002076;3;0.044814679;-42.71557043;34061.92273;1238.192273;0.352421532;0.02
1980.013259;34071.19622;33076.92249;-49.75690607;3;0.044796793;-42.88252106;34070.94708;1239.094708;0.352093175;0.02
1980.145851;34080.41793;33086.89393;-49.68800835;3;0.044773164;-43.03265589;34080.41793;1240.020897;0.350816779;0.02
1980.278443;34089.88878;33096.27673;-49.64970812;3;0.044747916;-42.6396158;34089.88878;1240.494439;0.346709927;0.02
1980.411035;34099.35962;33106.30486;-49.63354056;3;0.044656948;-42.2465757;34099.35962;1240.967981;0.346927525;0.02
1980.543627;34108.78206;33116.75753;-49.68377099;3;0.044368821;-42.69684524;34108.83047;1241.883047;0.347997474;0.02
1980.674891;34118.20099;33127.88007;-49.73349839;3;0.044083579;-43.20314935;34118.20647;1242.820647;0.349056707;0.02
1980.822787;34127.67421;33139.30387;-49.78634506;3;0.044139196;-43.21174663;34127.67421;1243;0.350250158;0.02
1980.970684;34136.91775;33149.6023;-49.83828266;3;0.044302528;-43.10544585;34136.91775;1243;0.351443609;0.02
1981.101653;34145.31371;33159.8277;-49.84604842;3;0.044420174;-42.82240785;34145.26792;1243.263396;0.352500459;0.02
1981.250398;34154.88037;33169.44837;-49.81112293;3;0.044522901;-42.37137278;34154.86441;1243.74322;0.35370076;0.02
1981.399144;34164.6096;33179.05867;-49.76558572;3;0.044611286;-42.17840076;34164.6096;1244.23048;0.354901061;0.02
1981.54789;34174.52597;33189.94931;-49.68290748;3;0.044649474;-42.28252269;34174.52597;1244.726299;0.356101362;0.02
1981.697253;34184.71876;33200.79016;-49.59988585;3;0.04468782;-42.58979677;34184.80378;1245.240189;0.357306649;0.02
1981.8439;34195.25217;33209.69243;-49.53337908;3;0.044667399;-43.13448626;34195.27858;1245.763929;0.357698517;0.02
1982.006841;34206.43963;33218.59469;-49.45948267;3;0.044644709;-43.30575489;34206.4561;1246.968414;0.347759337;0.02
1982.153489;34216.19117;33229.17188;-49.40148195;3;0.044566323;-43.19332539;34216.23257;1248.434886;0.346681876;0.02
1982.299141;34225.24358;33240.05989;-49.34493078;3;0.044481271;-42.80654551;34225.24358;1249.524358;0.345611725;0.02
1982.461667;34234.80393;33250.40845;-49.30432492;3;0.044388316;-42.18034239;34234.80393;1250.480393;0.344417598;0.02
1982.624193;34244.92089;33260.76245;-49.27336052;3;0.044296196;-42.04526691;34244.94619;1251.24731;0.343223471;0.02
1982.786575;34255.70053;33271.18542;-49.3165117;3;0.044151691;-42.49452325;34255.77164;1251.788582;0.342030403;0.02
1982.945595;34266.82821;33281.50502;-49.38990379;3;0.043988129;-42.54367808;34266.82821;1252.682821;0.340862033;0.02
1983.104615;34278.1868;33291.25817;-49.54269922;3;0.043823058;-42.33354411;34278.1868;1253.81868;0.34325443;0.02
1983.279538;34288.48032;33301.0501;-49.74820719;3;0.043640768;-42.79988283;34288.54501;1254.42725;0.350280353;0.02
1983.45217;34298.40022;33311.1773;-49.96773613;3;0.043458321;-43.37696994;34298.40974;1254.920487;0.357729208;0.02
1983.640423;34310.69484;33321.18869;-50.201731;3;0.043261716;-43.77480305;34310.69484;1256.069484;0.365852013;0.02
1983.828675;34323.18624;33330.41673;-50.33172488;3;0.043097748;-43.9329154;34323.24499;1257.162249;0.373974817;0.02
1984.012825;34335.50915;33339.64477;-50.402836;3;0.042972397;-43.52778591;34335.52164;1257.776082;0.379734849;0.02
1984.212515;34348.83434;33349.10419;-50.39499859;3;0.042889581;-42.92503144;34348.83434;1258.441717;0.380620268;0.02
1984.427795;34363.08473;33359.51973;-50.31718878;3;0.042921265;-42.35925063;34363.08354;1259.154177;0.387832037;0.02
1984.643978;34377.03102;33370.18547;-50.20168445;3;0.043035906;-42.40109244;34377.03081;1259.851541;0.395074052;0.02
1984.875602;34392.45477;33380.62661;-50.03562698;3;0.043254524;-43.63497251;34392.37346;1261.237346;0.402833354;0.02
1985.130529;34408.78306;33387.97315;-49.76838127;3;0.04359303;-43.61709116;34408.78306;1262.878306;0.405405315;0.02
1985.388427;34424.7364;33395.31968;-49.45116241;3;0.043974083;-42.75358238;34424.75317;1264.237658;0.406530278;0.02
1985.645102;34440.28343;33403.29602;-49.14626261;3;0.04427093;-43.13837929;34440.28343;1265.028343;0.414847577;0.02
1985.916171;34455.34283;33412.37794;-48.89283592;3;0.044466497;-42.52094378;34455.34283;1266.534283;0.423631324;0.02
1986.204298;34472.7802;33421.4529;-48.76267108;3;0.04455044;-42.10654863;34472.76865;1267.638433;0.432967824;0.02
1986.493608;34494.46733;33430.49151;-48.79337358;3;0.044472611;-42.88420781;34494.46733;1268.723366;0.450305603;0.02
1986.777436;34513.99778;33439.53012;-48.97635383;3;0.0442827;-42.8582548;34514.02812;1269.701406;0.44810006;0.02
1987.073162;34535.04906;33448.9015;-49.28388555;3;0.044075068;-43.2191926;34535.04906;1270.752453;0.445802058;0.02
1987.380386;34556.58823;33458.29114;-49.6030276;3;0.043855754;-43.85419375;34556.57835;1271.828917;0.439876009;0.02
1987.672208;34577.3339;33468.07481;-49.80034301;3;0.043900711;-42.7735593;34577.3006;1273.73006;0.43036781;0.02
1987.990961;34599.37665;33478.93329;-49.79946212;3;0.04421181;-43.08410453;34599.37665;1274.968832;0.428652389;0.02
1988.295392;34619.06795;33489.37534;-49.53015833;3;0.044713842;-43.88135949;34619.05755;1276.905755;0.427014047;0.02
1988.619621;34640.71601;33499.88653;-48.99860619;3;0.045508375;-43.44835687;34640.71264;1278.071264;0.427514726;0.02
1988.929428;34662.60146;33509.40014;-48.36281493;3;0.046525681;-41.7201665;34662.60146;1280.260146;0.436186777;0.02
1989.224326;34678.12243;33518.90287;-47.79978861;3;0.047830358;-41.3631841;34678.12243;1281.812243;0.44444151;0.02
1989.537048;34697.39912;33528.41591;-47.33385956;3;0.049470382;-42.13382789;34697.31549;1282;0.453195145;0.02
1989.845767;34714.94399;33537.93029;-46.88992176;3;0.051175896;-42.87274163;34714.76486;1282.738243;0.440783156;0.02
1990.186974;34734.52788;33547.67467;-46.25524524;3;0.052940659;-44.00525644;34734.52788;1285.179182;0.443128131;0.02
1990.509212;34749.57764;33557.48301;-45.42050774;3;0.054361305;-42.63091336;34749.96572;1286;0.44534274;0.02
1990.786766;34761.89454;33567.57246;-44.3554714;3;0.055411717;-40.83764573;34761.83395;1286.183395;0.441899157;0.02
1991.069152;34773.13861;33577.75897;-43.26193879;3;0.056411244;-40.46113115;34772.90791;1287.290791;0.456587721;0.02
1991.365516;34784.75142;33587.46337;-42.26330785;3;0.0574475;-40.01900253;34784.62063;1288.231032;0.472003375;0.02
1991.648254;34796.12886;33597.03179;-41.5099503;3;0.058429289;-39.5270376;34795.93017;1288.796509;0.486710276;0.02
1991.925929;34806.70175;33607.24833;-41.17967025;3;0.059245806;-39.6985392;34806.63884;1289.663884;0.472001079;0.02
1992.228825;34818.093;33617.75633;-41.01436198;3;0.059954184;-40.29861597;34818.06888;1290.806888;0.478293815;0.02
1992.490843;34828.15606;33628.75579;-40.99506161;3;0.0604513;-40.64391591;34828.26834;1291;0.483737289;0.02
1992.768706;34839.13637;33639.88867;-41.10471526;3;0.060473469;-40.96536587;34839.16494;1291;0.489512449;0.02
1993.018614;34848.92519;33650.27513;-41.21641622;3;0.060349336;-40.64035559;34848.96524;1291.448262;0.495068296;0.02
1993.267054;34858.6817;33660.57897;-41.3456651;3;0.060025417;-40.26038868;34858.70798;1291.935399;0.493942197;0.02
1993.490565;34867.75489;33669.76646;-41.48328674;3;0.059583404;-40.26444726;34867.77818;1292.388909;0.492929089;0.02
1993.734397;34877.67738;33678.95395;-41.64215001;3;0.0590396;-40.3341133;34877.73047;1292.886524;0.49182388;0.02
1993.953095;34887.76643;33688.3296;-41.8152733;3;0.058462223;-40.66454027;34887.76643;1293.388321;0.484086175;0.02
1994.152208;34897.24798;33697.72944;-41.97300632;3;0.057939051;-41.04854333;34897.24798;1293.862399;0.46985478;0.02
1994.370823;34906.94921;33707.13051;-42.14731507;3;0.057389315;-40.9117725;34906.99232;1294.349616;0.46567566;0.02
1994.567555;34915.53112;33716.53197;-42.30299547;3;0.056908439;-40.60812125;34915.54588;1294.777294;0.461914881;0.02
1994.764287;34923.5479;33727.9914;-42.45395751;3;0.056482882;-40.69297047;34923.62642;1295;0.458154101;0.02
1994.937746;34930.21038;33740.65667;-42.58494533;3;0.056120246;-41.13995957;34930.2979;1295;0.454838221;0.02
1995.109421;34936.87287;33753.37686;-42.69764191;3;0.05586209;-41.58235539;34936.90083;1295;0.449276037;0.02
1995.281097;34943.88098;33764.18431;-42.81033848;3;0.055603934;-41.45856021;34943.87649;1295.387649;0.441559799;0.02
1995.434323;34950.38216;33775.21538;-42.85061724;3;0.055550069;-40.90108037;34950.39672;1296.039672;0.434672848;0.02
1995.586869;34956.88334;33786.79624;-42.88218047;3;0.055521436;-40.34607112;34956.88806;1296.688806;0.427816418;0.02
1995.739416;34963.2679;33798.79821;-42.88132416;3;0.055577152;-40.27772899;34963.24146;1297;0.420959988;0.02
1995.891962;34969.54508;33809.33805;-42.82643528;3;0.05577345;-40.65753839;34969.46784;1297;0.414103559;0.02
1996.046858;34975.82225;33819.71518;-42.77070092;3;0.055972772;-41.04319809;34975.79013;1297;0.407141518;0.02
1996.18246;34981.67462;33829.36148;-42.6563821;3;0.056360976;-41.28002474;34981.66461;1297.08323;0.397856888;0.02
1996.318061;34988.67038;33838.98716;-42.53114212;3;0.056784798;-41.19657763;34988.61853;1297.430927;0.392312866;0.02
1996.453663;34995.66615;33850.1069;-42.40590214;3;0.05720862;-41.11313052;34995.57246;1297.778623;0.392777505;0.02
1996.595018;35002.20072;33861.18566;-42.19272827;3;0.057845746;-41.06990323;35002.20072;1298.110036;0.393261858;0.02
1996.739611;35007.98442;33870.73576;-41.97467202;3;0.058497464;-41.0959299;35007.98442;1298.399221;0.393757305;0.02
1996.863547;35012.94188;33880.2954;-41.78776667;3;0.05905608;-41.11823846;35012.94188;1298.647094;0.394181973;0.02
1997.00814;35018.72558;33890.16391;-41.49900847;3;0.059805378;-41.14426512;35018.72558;1298.936279;0.39467742;0.02
1997.135508;35024.05342;33899.04556;-41.24464767;3;0.060465418;-40.92913773;35023.9795;1299;0.395113848;0.02
1997.267059;35029.50941;33908.74064;-40.98193452;3;0.061147131;-40.62492656;35029.46078;1299;0.395564607;0.02
1997.39861;35034.9654;33918.41715;-40.71766625;3;0.061782135;-40.32071538;35034.94207;1299;0.391759087;0.02
1997.53016;35040.39248;33927.59185;-40.45308694;3;0.062407796;-40.03397905;35040.37631;1299;0.388600964;0.02
1997.643588;35044.62712;33936.66841;-40.22495725;3;0.062947264;-39.9667626;35044.57734;1299;0.386083132;0.02
1997.781235;35049.70869;33946.70446;-39.96915983;3;0.063566924;-39.88519421;35049.67536;1299;0.383027696;0.02
1997.918881;35054.79026;33957.29692;-39.75544667;3;0.064116598;-39.80362582;35054.77339;1299;0.379972261;0.02
1998.033587;35059.0249;33967.73955;-39.57735237;3;0.064574659;-39.73565216;35059.02174;1299;0.377426065;0.02
1998.171227;35065.16135;33978.13085;-39.36364973;3;0.065124305;-39.55821548;35065.05577;1299.252788;0.37437078;0.02
1998.289154;35070.48379;33988.00072;-39.25426699;3;0.065440162;-39.38668529;35070.41608;1299.520804;0.37355288;0.02
1998.430666;35076.87073;33997.75623;-39.14512168;3;0.06577267;-39.18084908;35076.84847;1299.842423;0.388334075;0.02
1998.548593;35081.77014;34007.87751;-39.05416725;3;0.06604976;-39.11959451;35081.79975;1300.089988;0.393456383;0.02
1998.690106;35086.92512;34018.10804;-38.96497811;3;0.06635793;-39.23490091;35087.04095;1300.352048;0.392941016;0.02
1998.805546;35091.22094;34028.03913;-38.97361845;3;0.066510055;-39.32896362;35091.31653;1300.565826;0.392520599;0.02
1998.943215;35096.37592;34037.90229;-38.98392252;3;0.066691471;-39.4411384;35096.41538;1300.820769;0.392019229;0.02
1999.05794;35100.66919;34047.44575;-38.99250924;3;0.066842652;-39.53661065;35100.66443;1301.033221;0.391601421;0.02
1999.172664;35104.94867;34056.90285;-39.02240611;3;0.066943819;-39.64283676;35104.91347;1301.245674;0.391183612;0.02
1999.310484;35110.08405;34067.74239;-39.09672245;3;0.066975232;-39.77044859;35110.01794;1301.500897;0.39068169;0.02
1999.426801;35114.36353;34078.10388;-39.15944305;3;0.067001744;-39.87814887;35114.32595;1301.716298;0.38685095;0.02
1999.56638;35119.49891;34089.88878;-39.23470776;3;0.067033558;-40.0073892;35119.49557;1301.974778;0.379133479;0.02
1999.682697;35124.06413;34101.71786;-39.28751043;3;0.067014942;-40.08983371;35124.10787;1302.205393;0.379484655;0.02
1999.820639;35129.58787;34113.49153;-39.34718995;3;0.066979485;-40.18363456;35129.62556;1302.481278;0.379901123;0.02
1999.9353;35134.19099;34124.59302;-39.39679716;3;0.066950013;-40.26160431;35134.21202;1302.710601;0.380247302;0.02
2000.072894;35139.71473;34134.86363;-39.44393985;3;0.066914636;-40.35516801;35139.71577;1302.985788;0.380662717;0.02
2000.187556;35143.90736;34145.31371;-39.43161724;3;0.066885115;-40.24071114;35143.91111;1303.195556;0.381008896;0.02
2000.302217;35148.07287;34155.94333;-39.41929463;3;0.066855594;-40.11354122;35148.08062;1303.404031;0.381355075;0.02
2000.440935;35153.07149;34166.81324;-39.40438668;3;0.066819879;-39.95969054;35153.1249;1303.656245;0.381773884;0.02
2000.554603;35157.237;34177.83143;-39.37256313;3;0.066811908;-39.83362189;35157.2583;1303.862915;0.381142873;0.02
2000.668272;35161.50024;34189.40027;-39.31132809;3;0.066835877;-39.71698131;35161.50085;1304.075042;0.376623362;0.02
2000.804674;35166.84715;34201.02211;-39.23784604;3;0.066864639;-39.59930104;35166.84995;1304.342498;0.374612276;0.02
2000.918183;35171.30292;34211.85715;-39.17669683;3;0.066888575;-39.5013716;35171.30129;1304.565065;0.37293872;0.02
2001.031826;35175.75868;34222.37547;-39.12014019;3;0.066955268;-39.40332644;35175.75789;1304.787894;0.371263186;0.02
2001.168198;35181.03878;34231.93583;-39.05600407;3;0.067069484;-39.35028296;35181.00707;1305.100707;0.369252546;0.02
2001.281841;35185.22524;34241.687;-39.0025573;3;0.067164664;-39.51263046;35185.06576;1305.506576;0.367577012;0.02
2001.395485;35189.4117;34252.46664;-38.94911054;3;0.067259844;-39.67497796;35189.12445;1305.912445;0.365901479;0.02
2001.51344;35193.59816;34263.42063;-38.91576776;3;0.067379482;-39.84348579;35193.33714;1306.333714;0.364162367;0.02
2001.63544;35197.78462;34274.77923;-38.88674526;3;0.067508369;-40.01777165;35197.69429;1306.769429;0.362363621;0.02
2001.78184;35203.05406;34284.87309;-38.85191827;3;0.067663033;-40.16404546;35203.08831;1307;0.360205127;0.02
2001.90384;35207.60678;34293.89117;-38.82289578;3;0.06779192;-40.24461157;35207.69209;1307;0.358406382;0.02
2002.023931;35212.1595;34303.37393;-38.79225636;3;0.067920288;-40.32391698;35212.22383;1307;0.356635783;0.02
2002.143589;35216.71222;34313.83238;-38.76172765;3;0.068048192;-40.40293585;35216.73919;1307;0.354871582;0.02
2002.263246;35221.27407;34323.18624;-38.73119893;3;0.068176096;-40.35003335;35221.27868;1307.127868;0.353107381;0.02
2002.382903;35225.85967;34333.45533;-38.70067022;3;0.068304;-39.95424432;35225.88088;1307.588088;0.351343179;0.02
2002.50256;35230.44528;34343.71407;-38.66253441;3;0.068379083;-39.55845529;35230.48308;1308.048308;0.349578978;0.02
2002.599306;35234.11376;34353.95461;-38.63170049;3;0.068439789;-39.23844833;35234.20409;1308.420409;0.34815257;0.02
2002.716702;35238.69936;34364.08089;-38.59428533;3;0.068513453;-38.85013848;35238.71932;1308.871932;0.343503666;0.02
2002.834098;35242.87562;34374.04253;-38.55687017;3;0.068587117;-38.86828557;35242.85079;1309;0.334962987;0.02
2002.951494;35246.88981;34384.16512;-38.53464744;3;0.06867475;-39.04736422;35246.83032;1309;0.330996198;0.02
2003.06889;35250.904;34394.52718;-38.51622282;3;0.068765876;-39.22644286;35250.80984;1309;0.330762255;0.02
2003.21118;35255.72103;34404.75339;-38.49389121;3;0.068876325;-39.44349565;35255.63324;1309;0.330478703;0.02
2003.332029;35259.73522;34414.82755;-38.47492477;3;0.06897013;-39.62784059;35259.72979;1309;0.33023788;0.02
2003.452877;35264.12267;34424.7364;-38.46985988;3;0.069096957;-39.574326;35264.10462;1309.410462;0.329997057;0.02
2003.573726;35268.53648;34434.47081;-38.46479498;3;0.069223784;-39.50401424;35268.49911;1309.849911;0.329756234;0.02
2003.696126;35272.95029;34443.82682;-38.45966504;3;0.069352241;-39.43279944;35272.95003;1310.295003;0.329512319;0.02
2003.81751;35277.3641;34452.68529;-38.45457769;3;0.06947963;-39.36217597;35277.364;1310.7364;0.329270428;0.02
2003.938894;35281.79638;34461.74783;-38.42485076;3;0.069658399;-39.36527237;35281.81089;1311;0.329028538;0.02
2004.060278;35286.25605;34471.77725;-38.39512382;3;0.069837169;-39.47766505;35286.3066;1311;0.328786647;0.02
2004.204787;35291.60765;34482.41276;-38.35973365;3;0.070049995;-39.61146954;35291.65878;1311;0.328498674;0.02
2004.324465;35296.06732;34495.80672;-38.32314294;3;0.070244096;-39.72228199;35296.09128;1311;0.328260185;0.02
2004.444142;35300.5064;34506.93292;-38.25742529;3;0.070509575;-39.80486558;35300.49621;1311.024811;0.328021695;0.02
2004.563819;35304.79182;34517.02558;-38.19170764;3;0.070775055;-39.67678971;35304.69542;1311.234771;0.327783205;0.02
2004.683497;35309.07725;34526.97855;-38.12598999;3;0.071040534;-39.54871385;35308.89463;1311.444731;0.327544716;0.02
2004.805309;35313.36267;34538.50785;-38.05328211;3;0.071322219;-39.41835318;35313.16875;1311.658437;0.327301972;0.02
2004.931012;35317.6481;34549.19492;-37.95516634;3;0.071658414;-39.28382892;35317.57938;1311.878969;0.328754065;0.02
2005.056715;35322.09349;34559.75679;-37.85705056;3;0.071994609;-39.25124751;35322.06238;1312.206238;0.332045261;0.02
2005.182418;35326.73347;34570.73877;-37.75893479;3;0.072330804;-39.34266787;35326.63339;1312.663339;0.333545729;0.02
2005.310314;35331.37345;34581.73594;-37.65288537;3;0.072678148;-39.43568265;35331.28413;1313.128413;0.334657053;0.02
2005.439234;35336.01343;34592.76138;-37.52290883;3;0.073047877;-39.52944305;35335.97215;1313.597215;0.335777286;0.02
2005.593939;35341.62231;34603.55262;-37.36693698;3;0.073491553;-39.51805388;35341.62736;1314.081368;0.337121566;0.02
2005.722859;35346.38231;34613.89617;-37.23696044;3;0.073861282;-39.24827569;35346.4022;1314.32011;0.338241799;0.02
2005.85;35351.14231;34624.42994;-37.10920959;3;0.074205963;-38.98222222;35351.11111;1314.555556;0.339346565;0.02
2005.978973;35355.90232;34635.23756;-36.98029724;3;0.074524179;-38.7123347;35355.88788;1314.794394;0.340467252;0.02
2006.13374;35361.5895;34646.74865;-36.82560242;3;0.074906038;-38.50577545;35361.56215;1315.078107;0.341812076;0.02
2006.262713;35366.27632;34658.81394;-36.69669007;3;0.075224254;-38.58177728;35366.16832;1315.308416;0.342932763;0.02
2006.418735;35371.9005;34667.77511;-36.57721503;3;0.075516711;-38.67371893;35371.74054;1315.587027;0.344288491;0.02
2006.579322;35377.52468;34676.39788;-36.47278948;3;0.075770694;-38.76835055;35377.47579;1315.87379;0.345683884;0.02
2006.713145;35382.49352;34686.40271;-36.3857682;3;0.075982347;-38.88924035;35382.47626;1316.123813;0.346846712;0.02
2006.873732;35388.83494;34697.39912;-36.29186796;3;0.076193212;-39.09076129;35388.77379;1316.43869;0.348242105;0.02
2007.036554;35395.17636;34707.7961;-36.25001971;3;0.07618842;-39.29508735;35395.15898;1316.757949;0.349656922;0.02
2007.225891;35402.21196;34718.00737;-36.20135676;3;0.076182847;-39.37740841;35402.23359;1317.111679;0.349055512;0.02
2007.38818;35407.66002;34729.70479;-36.15964566;3;0.07617807;-39.19861576;35407.7349;1317.386745;0.348867637;0.02
2007.574546;35414.01608;34741.22145;-36.19319564;3;0.07572898;-38.99329654;35414.05241;1317.702621;0.348971964;0.02
2007.734288;35419.46414;34748.74202;-36.22195259;3;0.075344048;-38.8173097;35419.46739;1317.97337;0.349061387;0.02
2007.920654;35425.85476;34757.09821;-36.25550236;3;0.07489496;-38.63533418;35425.98785;1318.299392;0.349165714;0.02
2008.130851;35433.16196;34764.89296;-36.45850234;3;0.073794985;-38.43251249;35433.36318;1318.668159;0.349283381;0.02
2008.307712;35439.55575;34772.389;-36.62930759;3;0.072869459;-38.26185726;35439.56883;1318.978441;0.349382387;0.02
2008.509838;35446.4597;34779.88505;-36.9187725;3;0.071589801;-38.56526716;35446.77994;1319.338997;0.349495537;0.02
2008.701403;35453.33753;34788.00212;-37.34200169;3;0.070026474;-38.88340217;35453.62155;1319.681078;0.349602774;0.02
2008.885773;35460.18997;34796.12886;-37.74933427;3;0.068521866;-39.18288669;35460.20619;1320.01031;0.349705984;0.02
2009.09319;35467.01488;34804.26077;-38.49132149;3;0.066373489;-39.28659477;35467.61391;1320.380696;0.349822094;0.02
2009.259071;35473.08146;34812.39737;-39.11309319;3;0.064609763;-39.36953564;35473.53826;1320.676913;0.349914954;0.02
2009.457383;35480.69338;34820.55431;-40.0184919;3;0.062329611;-39.51321226;35480.7095;1321;0.34996048;0.02
2009.635863;35487.81286;34829.0007;-40.9305936;3;0.060174502;-40.0595804;35487.99441;1321;0.349427853;0.02
2009.828131;35495.72338;34837.44709;-41.95273735;3;0.057906485;-40.64815687;35495.84209;1321;0.34885408;0.02
2010.01656;35504.19204;34845.67302;-42.99483703;3;0.055738415;-41.34518997;35504.32798;1321.432798;0.348291766;0.02
2010.204988;35513.31753;34853.80344;-43.99442983;3;0.053582309;-42.18369591;35513.74939;1322.374939;0.347729452;0.02
2010.389756;35523.23006;34861.96677;-44.9329257;3;0.051479814;-42.77391568;35523.23006;1323.161503;0.347178061;0.02
2010.568514;35532.89265;34870.23551;-45.67513042;3;0.049569061;-42.87537287;35532.89265;1323.644633;0.346644606;0.02
2010.747272;35542.61941;34878.50426;-46.32261381;3;0.047728794;-43.18636016;35542.78071;1324;0.346111151;0.02
2010.931167;35553.42511;34887.76643;-46.7608611;3;0.046130735;-44.10583628;35553.59807;1324;0.345562365;0.02
2011.110032;35564.37616;34897.24798;-47.10320279;3;0.044734744;-43.8205621;35564.37698;1324.218849;0.345028592;0.02
2011.303802;35576.48451;34906.09102;-47.27722697;3;0.043746383;-41.52560091;35576.48759;1324.82438;0.344450338;0.02
2011.496803;35589.43471;34914.67292;-47.35404023;3;0.04306407;-41.95442591;35589.43471;1325.471735;0.344650281;0.02
2011.689575;35602.74024;34922.80762;-47.36086718;3;0.042613477;-43.12541356;35602.72932;1326;0.347869934;0.02
2011.882347;35616.08806;34930.21038;-47.25424333;3;0.042663486;-42.85952124;35616.02394;1326;0.34798198;0.02
2012.080842;35629.71327;34937.61315;-47.09466679;3;0.042835435;-42.82856636;35629.71327;1326.971327;0.348097354;0.02
2012.280076;35643.87464;34945.50628;-46.89200753;3;0.04311082;-42.62191794;35643.85197;1328.385197;0.348213156;0.02
2012.48042;35659.29045;34953.63275;-46.64420187;3;0.043514756;-41.58937391;35659.26308;1329.926308;0.348329604;0.02
2012.704567;35673.00408;34961.69861;-46.3636821;3;0.043909868;-42.4372813;35673.00408;1330;0.348058678;0.02
2012.912704;35686.29913;34969.54508;-46.10016089;3;0.044224;-42.91680331;35686.39338;1330.639338;0.347596082;0.02
2013.116297;35700.39357;34977.39155;-45.83966001;3;0.044268079;-42.88717301;35700.39357;1332.019678;0.347143584;0.02
2013.333385;35713.96156;34986.67159;-45.60227316;3;0.044122215;-42.1002293;35713.96156;1332.698078;0.346661092;0.02
2013.551495;35728.45678;34996.66554;-45.42156921;3;0.043758444;-41.6718963;35728.67819;1334.301728;0.34617633;0.02
2013.775692;35744.10578;35005.50569;-45.45182;3;0.043090578;-41.51457199;35744.10578;1336.205289;0.345678037;0.02
2013.99989;35758.11814;35013.76812;-45.76365898;3;0.04222594;-41.3254051;35758.11814;1336.905907;0.345179744;0.02
2014.227129;35775.6672;35022.23475;-46.35451761;3;0.041123368;-43.44476403;35775.77032;1337.788516;0.344674692;0.02
2014.459515;35791.9677;35031.32807;-47.23301089;3;0.03976299;-43.43956662;35791.9677;1338;0.344158199;0.02
2014.699667;35807.74888;35040.39248;-48.25291253;3;0.038288206;-43.08590011;35807.9778;1338.79778;0.343624447;0.02
2014.923169;35822.87791;35048.86176;-49.18944286;3;0.0368137;-43.27957886;35822.87791;1340.287791;0.34380295;0.02
2015.171504;35839.43359;35057.33104;-50.07206218;3;0.03538542;-44.08252934;35839.43359;1341.943359;0.349999827;0.02
2015.421091;35856.6165;35067.29033;-50.88146693;3;0.034268643;-44.75013827;35856.62697;1343.662697;0.356227944;0.02
2015.681198;35875.09788;35077.93522;-51.47472994;3;0.033590817;-44.49531768;35875.08558;1346.262837;0.362718574;0.02
2015.947128;35893.59502;35086.92512;-51.54882644;3;0.03336345;-44.62830534;35893.59502;1347.679751;0.369354496;0.02
2016.214832;35912.06508;35095.51676;-51.00661091;3;0.033416376;-44.22550365;35912.05739;1348.602869;0.376034705;0.02
2016.483724;35931.38693;35104.94867;-50.04113621;3;0.033693149;-43.95970853;35931.38693;1350.138693;0.382744538;0.02
2016.753185;35949.98084;35113.50763;-49.06828969;3;0.034179442;-42.90323281;35949.8829;1351.494145;0.389468588;0.02
2017.031752;35967.85496;35122.22288;-48.44444962;3;0.0347889;-42.27449963;35967.85496;1352.392748;0.396638685;0.02
2017.315336;35986.7224;35131.42912;-48.2671664;3;0.03555743;-42.86617774;35986.57491;1353.657491;0.400960379;0.02
2017.5978;36006.05516;35140.57495;-48.39442121;3;0.036280014;-42.7164271;36006.05516;1355;0.400964191;0.02
2017.886258;36025.73299;35148.90598;-48.64178353;3;0.036927842;-43.33287526;36025.75053;1355.287526;0.400968084;0.02
2018.17308;36045.41333;35157.237;-48.85455008;3;0.03743882;-43.41849335;36045.41333;1356.541333;0.400971954;0.02
2018.458731;36065.64614;35165.956;-48.89183659;3;0.037806234;-43.51076737;36065.5457;1358.55457;0.389602429;0.02
2018.751776;36084.26038;35174.86753;-48.66898187;3;0.038226;-43.1765679;36084.26038;1360.213019;0.397537371;0.02
2019.045514;36104.60781;35183.55065;-48.28322027;3;0.038650064;-43.09451818;36104.51818;1361.225909;0.4054911;0.02
2019.347263;36125.51875;35191.92357;-47.87788559;3;0.039133749;-42.95823431;36125.51875;1362.551875;0.397687787;0.02
2019.652186;36147.63563;35200.32243;-47.52030053;3;0.039548019;-42.7454485;36147.56933;1364.378466;0.406980725;0.02
2019.950391;36168.99249;35209.42787;-47.23519021;3;0.039844987;-42.7712328;36168.99249;1365.449625;0.420379915;0.02
2020.259963;36189.64156;35218.5333;-47.07619689;3;0.039881736;-41.56408618;36189.67501;1366.967501;0.43428983;0.02
2020.563807;36210.27878;35227.69391;-47.14338259;3;0.039722229;-42.252694;36210.27194;1368.513597;0.436769809;0.02
2020.878531;36231.90204;35236.86512;-47.48096432;3;0.039445874;-43.14324065;36231.90204;1370.785307;0.428981529;0.02
2021.190251;36251.96148;35245.28414;-47.99363728;3;0.039202768;-42.95375891;36251.89068;1372.594534;0.421267572;0.02
2021.508318;36272.14956;35253.31252;-48.4897569;3;0.039110094;-43.15644869;36272.14956;1373;0.416923959;0.02
2021.827785;36292.79098;35261.47439;-48.73934575;3;0.039130783;-44.06046146;36292.76031;1373.638016;0.423803659;0.02
2022.149504;36313.51637;35271.18477;-48.5842729;3;0.039201275;-43.0394079;36313.51637;1375.351637;0.430731865;0.02
2022.470118;36335.16069;35280.01251;-48.03008148;3;0.039352932;-43.09938696;36335.18052;1376.759026;0.437636268;0.02
2022.788501;36356.03234;35288.93185;-47.34623764;3;0.039583675;-41.60247475;36356.03234;1377.801617;0.451348209;0.02
2023.124979;36377.74598;35297.85119;-46.92557163;3;0.040004502;-41.80866198;36377.74061;1379.774061;0.451806845;0.02
2023.448479;36397.17103;35306.50599;-46.96710888;3;0.040696428;-42.39908119;36396.96937;1381.696937;0.45224779;0.02
2023.783634;36417.18991;35315.07684;-47.21209293;3;0.041471509;-43.41825541;36417.18991;1383.718991;0.449907814;0.02
2024.118816;36438.06144;35323.94948;-47.33040691;3;0.042088786;-42.14397305;36438.05097;1384.902549;0.449577723;0.02
2024.455995;36456.105;35333.22944;-47.10834336;3;0.042322781;-43.39918724;36456.105;1386.6105;0.449821921;0.02
2024.782317;36471.43395;35342.57431;-46.62888986;3;0.042210924;-42.64471307;36471.46897;1388.146897;0.450907122;0.02
2025.103075;36487.03733;35352.09431;-46.23736808;3;0.041973023;-41.84400784;36487.00392;1389.700392;0.450123337;0.02
2025.425898;36504.24665;35361.5895;-46.26677876;3;0.04186733;-41.77091114;36504.21655;1391.421655;0.448436135;0.02
2025.737211;36521.75555;35370.96313;-46.70778351;3;0.042001811;-41.57555535;36521.75555;1393.175555;0.446809089;0.02
2026.060215;36542.57949;35381.43662;-47.28260603;3;0.042364991;-43.34810957;36542.59452;1395.129726;0.4761871;0.02
2026.364545;36562.09363;35392.00565;-47.59033664;3;0.042951046;-43.00418727;36562.09363;1396.104682;0.478069052;0.02
2026.665156;36580.29586;35402.21196;-47.45135607;3;0.043809382;-43.03080295;36580.2787;1397.013935;0.479928007;0.02
2026.949222;36595.72988;35411.29206;-46.93294645;3;0.044900843;-42.52408967;36595.63365;1397.781682;0.490666974;0.02
2027.224012;36609.91433;35420.37436;-46.21062556;3;0.046186972;-41.96287407;36609.7006;1398.97006;0.493888374;0.02
2027.512638;36624.72219;35429.50836;-45.45635647;3;0.047718512;-41.6144438;36624.72219;1400.236109;0.489525442;0.02
2027.769271;36639.3869;35438.64235;-44.81239121;3;0.049117774;-41.90773804;36639.3869;1400.969345;0.485646135;0.02
2028.019725;36652.39662;35447.31943;-44.24922521;3;0.050429088;-40.66605408;36652.29359;1401.614679;0.485015702;0.02
2028.276286;36665.02057;35455.91672;-43.80183884;3;0.051629404;-39.96404004;36664.94353;1402.247177;0.492158983;0.02
2028.496229;36675.27512;35463.98159;-43.58973978;3;0.052435387;-40.13794864;36675.17345;1402.758672;0.489018163;0.02
2028.721446;36685.66189;35471.56482;-43.43721561;3;0.053176579;-40.66342041;36685.64867;1403;0.485802031;0.02
2028.926189;36695.20711;35479.14805;-43.42914149;3;0.053612986;-41.41097006;36695.17159;1403;0.482878274;0.02
2029.131575;36704.61705;35487.02181;-43.43559692;3;0.054024302;-41.6284032;36704.61705;1403;0.475616281;0.02
2029.31519;36712.9632;35494.93233;-43.48447714;3;0.054165729;-41.33628795;36712.9632;1403;0.458840502;0.02
2029.498806;36721.28348;35503.27949;-43.53874599;3;0.05427887;-41.06588357;36721.3398;1403;0.444661088;0.02
2029.654224;36728.55568;35512.40498;-43.59994043;3;0.054294173;-40.93576586;36728.56856;1403;0.432659139;0.02
2029.829922;36736.73691;35521.47323;-43.67933627;3;0.054257601;-40.78866955;36736.74058;1403;0.419091099;0.02
2029.966577;36743.04358;35530.2574;-43.74056441;3;0.054232802;-40.81927338;36743.02622;1403.151311;0.408538179;0.02
2030.122995;36750.18324;35539.04158;-43.80704773;3;0.05422945;-41.02901568;36750.13612;1403.506806;0.400796596;0.02
2030.280821;36757.32291;35548.02226;-43.87412971;3;0.054226068;-41.24064665;36757.31006;1403.865503;0.399715724;0.02
2030.418919;36763.90855;35557.02701;-43.90436761;3;0.054248527;-41.32769945;36763.84973;1404;0.39876996;0.02
2030.576746;36771.72504;35566.23898;-43.91453192;3;0.05429598;-41.34309716;36771.54858;1404;0.397689087;0.02
2030.719682;36778.56446;35575.5531;-43.92373728;3;0.054338956;-41.35704218;36778.52109;1404;0.396710188;0.02
2030.864127;36785.06769;35585.34406;-43.8752622;3;0.054402972;-41.3270301;36785.07229;1404.253615;0.395720963;0.02
2031.029206;36792.39788;35595.57068;-43.80885685;3;0.054480055;-41.27934057;36792.40914;1404.620457;0.394590421;0.02
2031.174031;36798.81179;35605.82051;-43.74627703;3;0.054541126;-41.23750217;36798.84582;1404.942291;0.393598587;0.02
2031.314211;36805.07606;35616.08806;-43.65963433;3;0.054560694;-41.26553243;36805.07606;1405.253803;0.39137806;0.02
2031.474418;36812.19634;35626.54245;-43.56061409;3;0.054583058;-41.31537438;36812.19634;1405.609817;0.386275704;0.02
2031.614598;36818.42658;35637.11185;-43.48348676;3;0.05459424;-41.35898607;36818.42658;1405.921329;0.387862381;0.02
2031.754878;36824.24135;35648.61796;-43.41900095;3;0.05459424;-41.06795179;36824.19511;1406.209756;0.389975514;0.02
2031.897154;36829.91574;35660.38973;-43.35359753;3;0.05459424;-40.65819717;36829.88615;1406.494308;0.392118716;0.02
2032.059755;36836.40075;35670.09307;-43.33960918;3;0.054545949;-40.18990617;36836.39019;1406.81951;0.39456809;0.02
2032.202031;36841.988;35679.79642;-43.35926756;3;0.054478341;-40.05007087;36842.00118;1407.100059;0.396711292;0.02
2032.344478;36847.42412;35689.56283;-43.37894963;3;0.054410652;-40.37879547;36847.47992;1407.373996;0.398857077;0.02
2032.48519;36852.86024;35700.39357;-43.47460178;3;0.054287733;-40.7035154;36852.89192;1407.644596;0.40097672;0.02
2032.625902;36858.29636;35710.08499;-43.58295559;3;0.054155472;-41.02823533;36858.30392;1407.915196;0.403081326;0.02
2032.766614;36863.77151;35719.77642;-43.69130939;3;0.05402321;-41.14515513;36863.78878;1408.378878;0.40217428;0.02
2032.906106;36869.26446;35730.63375;-43.81046287;3;0.053801416;-41.16703631;36869.25908;1408.925908;0.401275094;0.02
2033.046247;36874.75742;35741.30331;-43.93016996;3;0.053578592;-41.18901915;36874.75479;1409.475479;0.40037173;0.02
2033.186388;36880.3141;35750.64488;-44.04566041;3;0.053351191;-41.20967242;36880.32758;1410.016379;0.399468366;0.02
2033.326528;36887.20506;35759.98646;-44.13585101;3;0.053096332;-41.20248572;36887.51428;1410.375714;0.398565002;0.02
2033.45816;36894.09603;35771.18622;-44.22056514;3;0.052856948;-41.19573541;36894.26459;1410.713229;0.397716492;0.02
2033.570049;36900.0027;35781.94319;-44.28839408;3;0.052655597;-41.19004324;36900.0027;1411.000135;0.389284361;0.02
2033.700586;36907.2606;35791.05638;-44.34314572;3;0.052433118;-41.30607642;36907.25478;1411.362739;0.379640489;0.02
2033.812475;36913.48166;35800.15696;-44.3900757;3;0.052242422;-41.40553343;36913.47084;1411.673542;0.375173359;0.02
2033.924579;36919.70272;35808.59243;-44.43709578;3;0.05205136;-41.50518138;36919.69884;1411.984942;0.370697653;0.02
2034.038021;36925.40104;35817.02789;-44.46398853;3;0.051959548;-41.49919792;36925.40104;1412;0.366168535;0.02
2034.151463;36931.07313;35825.36127;-44.49088129;3;0.051867736;-41.48785374;36931.07313;1412;0.361639417;0.02
2034.264904;36936.74522;35833.63911;-44.51777404;3;0.051775924;-41.47650957;36936.74522;1412;0.357110299;0.02
2034.378346;36942.39282;35841.89409;-44.52956005;3;0.05173576;-41.55136293;36942.35835;1412;0.352581181;0.02
2034.492489;36948.00746;35850.07321;-44.53381884;3;0.051721332;-41.74345713;36947.92629;1412;0.348024069;0.02
2034.608368;36953.6221;35858.25233;-44.53814241;3;0.051706685;-41.93847324;36953.57893;1412;0.344063747;0.02
2034.704934;36958.30097;35866.64596;-44.53664659;3;0.051707747;-42.10098667;36958.28947;1412;0.34179156;0.02
2034.820813;36963.69134;35875.09788;-44.5103774;3;0.051772709;-41.98000686;36963.67333;1412.183666;0.342313708;0.02
2034.936692;36968.98441;35883.52463;-44.48410822;3;0.05183767;-41.72191241;36968.94056;1412.447028;0.34336905;0.02
2035.05427;36974.27747;35891.91662;-44.45745389;3;0.051903584;-41.46003396;36974.28502;1412.714251;0.344439864;0.02
2035.170564;36979.57054;35900.3088;-44.40483887;3;0.052001137;-41.20101581;36979.57111;1412.978555;0.345498983;0.02
2035.267476;36983.96965;35908.70614;-44.35661772;3;0.052087825;-41.15017868;36983.97618;1413;0.346381583;0.02
2035.38377;36989.24705;35917.10348;-44.29875234;3;0.05219185;-41.11053304;36989.26226;1413;0.347440702;0.02
2035.519446;36995.40402;35925.94327;-44.22834973;3;0.052313472;-41.0642798;36995.42936;1413;0.348676341;0.02
2035.634959;37000.69578;35935.01604;-44.16512559;3;0.052417313;-41.02339012;37000.69578;1413;0.349728351;0.02
2035.750813;37006.08431;35943.59652;-44.10171527;3;0.052521461;-40.97219906;37006.08431;1413;0.350783459;0.02
2035.866666;37011.47284;35951.57692;-44.04249937;3;0.052632229;-40.92100799;37011.47284;1413;0.351838567;0.02
2036.001828;37017.75946;35959.55733;-43.99788169;3;0.052800083;-40.86128508;37017.75946;1413;0.353069527;0.02
2036.117958;37022.96374;35967.85496;-43.95954677;3;0.052944301;-40.89349903;37022.89184;1413.144592;0.354127151;0.02
2036.257633;37028.88238;35976.17121;-43.9183338;3;0.053123707;-41.00345605;37028.83546;1413.441773;0.35539921;0.02
2036.377355;37033.9555;35984.90456;-43.90817959;3;0.053308072;-41.09770492;37033.93;1413.6965;0.356489546;0.02
2036.51703;37039.87415;35993.99376;-43.896333;3;0.053523165;-41.20766194;37039.87362;1413.993681;0.357761604;0.02
2036.636752;37045.31064;36003.21321;-43.88617879;3;0.05370753;-41.27368268;37045.30689;1414.265344;0.35885194;0.02
2036.776127;37051.66399;36012.68638;-43.86929196;3;0.053970153;-41.3497054;37051.64212;1414.582106;0.360540875;0.02
2036.896247;37057.10973;36022.0812;-43.85473802;3;0.054196495;-41.41522569;37057.10214;1414.855107;0.367440685;0.02
2037.016368;37062.64824;36031.21067;-43.84018409;3;0.054422836;-41.35561696;37062.62175;1415.131088;0.374340494;0.02
2037.156508;37069.23227;36040.37539;-43.79155545;3;0.054741492;-41.12096289;37069.13992;1415.456996;0.372713086;0.02
2037.279268;37074.87572;36050.45128;-43.74433734;3;0.055028597;-40.91541171;37074.84967;1415.742484;0.369727995;0.02
2037.401219;37080.54919;36060.45284;-43.69743038;3;0.055313809;-40.73136814;37080.54726;1416;0.366762574;0.02
2037.543495;37087.51395;36069.10834;-43.61053615;3;0.055708299;-40.74871887;37087.48755;1416;0.363302917;0.02
2037.665445;37093.48375;36077.76383;-43.52502585;3;0.056067601;-40.76359091;37093.43636;1416;0.360337497;0.02
2037.788311;37099.45354;36087.15435;-43.43887447;3;0.056429597;-40.77857446;37099.42978;1416;0.357349844;0.02
2037.937296;37106.38586;36096.80093;-43.31150881;3;0.056915296;-40.94922523;37106.38586;1416.319293;0.353727035;0.02
2038.064998;37112.32548;36106.57539;-43.18761744;3;0.05736166;-41.1066251;37112.32548;1416.616274;0.35062177;0.02
2038.1927;37118.26509;36116.41331;-43.06372607;3;0.057808024;-41.26402497;37118.26509;1416.913255;0.347516505;0.02
2038.321702;37124.28263;36126.54948;-42.92925991;3;0.058287969;-41.03915903;37124.26521;1417.426521;0.34437961;0.02
2038.473616;37131.34059;36136.85678;-42.74962819;3;0.058919509;-40.59048156;37131.331;1418.1331;0.340685578;0.02
2038.603829;37137.39028;36147.63563;-42.59565814;3;0.05946083;-40.20590087;37137.38739;1418.738739;0.337519264;0.02
2038.734041;37143.06099;36158.62136;-42.44280733;3;0.060006296;-40.11107955;37142.96165;1419;0.334352951;0.02
2038.863798;37148.4442;36168.99249;-42.29606746;3;0.06057051;-40.23564644;37148.15194;1419;0.331197706;0.02
2039.001782;37153.8274;36179.27543;-42.14002426;3;0.061170496;-40.36811089;37153.67129;1419;0.327241345;0.02
2039.139766;37159.2106;36188.70506;-41.98398106;3;0.061770482;-40.50057534;37159.19064;1419;0.320949136;0.02
2039.27775;37164.61598;36198.07001;-41.84945428;3;0.062350315;-40.46112511;37164.52884;1419.226442;0.320560555;0.02
2039.416661;37170.02516;36208.21043;-41.71835598;3;0.062929984;-40.39166975;37169.87156;1419.493578;0.322563284;0.02
2039.559465;37175.43434;36218.55216;-41.58358307;3;0.063525901;-40.32026759;37175.36403;1419.768202;0.324622148;0.02
2039.702269;37180.83607;36228.12362;-41.45581771;3;0.064079037;-40.24597869;37180.82478;1420;0.326681012;0.02
2039.821273;37185.30394;36236.62508;-41.35518622;3;0.064504331;-40.17105049;37185.23232;1420;0.328396732;0.02
2039.964665;37190.66538;36245.72559;-41.23393091;3;0.065016788;-40.08076622;37190.54316;1420;0.330464079;0.02
2040.086877;37195.13325;36254.63401;-41.13058647;3;0.065453548;-40.00381801;37195.06953;1420;0.332226054;0.02
2040.233531;37200.49323;36263.72309;-41.0203439;3;0.065905658;-39.90892878;37200.49205;1420;0.334340424;0.02
2040.355743;37204.94792;36273.08584;-40.93077022;3;0.066270416;-39.80893727;37204.93612;1420;0.336102398;0.02
2040.502456;37210.29356;36282.45692;-40.82323917;3;0.0667083;-39.68889984;37210.27112;1420;0.338217607;0.02
2040.625243;37214.74825;36291.85152;-40.73960566;3;0.067055589;-39.58843751;37214.73611;1420;0.339987878;0.02
2040.74803;37219.20295;36301.25143;-40.68141992;3;0.067326136;-39.48797517;37219.2011;1420;0.341758149;0.02
2040.895375;37224.66224;36310.686;-40.61159702;3;0.067650792;-39.52107875;37224.64352;1420;0.343882475;0.02
2041.018162;37229.22825;36320.12808;-40.55341127;3;0.067921339;-39.5711032;37229.1912;1420;0.345652746;0.02
2041.16643;37234.70747;36330.14982;-40.50115162;3;0.068188254;-39.63150854;37234.68259;1420;0.347790377;0.02
2041.290292;37239.27348;36340.15984;-40.47245766;3;0.068361544;-39.68197073;37239.27007;1420;0.336840569;0.02
2041.438926;37244.94046;36349.4966;-40.43802492;3;0.068569492;-39.6057023;37244.95869;1420.247934;0.328144757;0.02
2041.562788;37249.68687;36358.83337;-40.40933097;3;0.068742782;-39.52471577;37249.7226;1420.48613;0.327937615;0.02
2041.710528;37255.38255;36368.28171;-40.39934507;3;0.068904791;-39.42811639;37255.40492;1420.770246;0.327690539;0.02
2041.857898;37261.06363;36377.74598;-40.39425513;3;0.069057415;-39.40527037;37261.05277;1421;0.327444081;0.02
2041.980707;37265.74574;36386.66801;-40.39001352;3;0.069184601;-39.64857072;37265.68706;1421;0.3272387;0.02
2042.128078;37271.36427;36395.42053;-40.38577597;3;0.069318006;-39.94053114;37271.24821;1421;0.326992243;0.02
2042.278694;37276.9828;36404.61275;-40.38318742;3;0.069415065;-40.2389223;37276.93185;1421;0.326740357;0.02
2042.404865;37281.60227;36414.28749;-40.381019;3;0.069496371;-40.36394792;37281.60231;1421.080116;0.326529353;0.02
2042.55627;37287.00943;36424.08775;-40.3784169;3;0.069593939;-40.24228331;37287.00963;1421.350482;0.326276149;0.02
2042.707573;37292.41659;36434.06896;-40.36210794;3;0.069611749;-40.12070004;37292.41333;1421.620667;0.326023113;0.02
2042.859039;37297.82375;36443.42908;-40.34303468;3;0.069613609;-39.99898665;37297.82282;1421.891141;0.325769807;0.02
2042.98526;37302.39391;36451.87969;-40.32714029;3;0.06961516;-39.88232282;37302.41704;1422.120852;0.325558719;0.02
2043.136726;37307.95004;36460.27266;-40.31165139;3;0.069583476;-39.72524742;37308.02688;1422.401344;0.325305413;0.02
2043.287004;37313.50618;36467.24847;-40.30339643;3;0.069485477;-39.56940328;37313.59274;1422.679637;0.325054093;0.02
2043.43502;37319.06231;36474.22428;-40.29526574;3;0.069388953;-39.41590529;37319.07481;1422.953741;0.329155042;0.02
2043.583036;37324.48012;36481.38833;-40.28713505;3;0.06929243;-39.27814925;37324.47403;1423.447403;0.337747504;0.02
2043.731052;37329.86984;36489.45834;-40.32937424;3;0.069138682;-39.14358933;37329.85643;1423.985643;0.339116468;0.02
2043.879272;37335.25957;36497.52835;-40.37167161;3;0.068984723;-39.00884407;37335.24624;1424.524624;0.340487317;0.02
2044.027906;37340.66606;36505.96691;-40.41408721;3;0.068830333;-38.90824346;37340.67568;1425;0.341861998;0.02
2044.17654;37346.195;36514.56819;-40.49074183;3;0.068662384;-39.05968198;37346.28452;1425;0.343236679;0.02
2044.325174;37351.72393;36523.83945;-40.58451594;3;0.068487655;-39.2111205;37351.89335;1425;0.34461136;0.02
2044.492836;37358.17436;36534.25893;-40.69029498;3;0.068290557;-39.38194611;37358.22023;1425;0.346162027;0.02
2044.635672;37363.73751;36544.65131;-40.77752228;3;0.068169903;-39.69450494;37363.75184;1425;0.347483083;0.02
2044.778508;37369.31752;36555.01043;-40.86186081;3;0.06809651;-40.08940447;37369.35325;1425;0.348804138;0.02
2044.921138;37374.89754;36564.97029;-40.94607791;3;0.068023222;-40.48373537;37374.9466;1425;0.350123292;0.02
2045.085548;37381.45217;36574.55916;-41.02036796;3;0.068000217;-40.7928451;37381.45092;1425.072546;0.351643873;0.02
2045.22647;37387.20908;36583.92739;-41.03521684;3;0.068112228;-40.60590752;37387.20285;1425.360142;0.352947228;0.02
2045.390879;37393.92546;36593.00623;-41.05254054;3;0.068242907;-40.38781367;37393.91343;1425.695671;0.35446781;0.02
